,USD,RMB,RUB,MXN,EUR,KRW,JPY
USD,1,6.44,73.96,19.91,0.82,1134.94,109.22
RMB,0.16,1,11.49,3.09,0.13,176.3,16.97
RUB,0.014,0.087,1,0.27,0.011,15.35,1.48
MXN,0.050226017,0.32,3.714716223,1,0.041185334,57.00351582,5.485685585
EUR,1.219512195,7.853658537,90.19512195,24.2804878,1,1384.073171,133.195122
KRW,0.000881104,0.005674309,0.065166441,0.017542778,0.000722505,1,0.096234162
JPY,0.009155832,0.05896356,0.677165354,0.18229262,0.007507782,10.39132027,1
